[
  {
    "id": 1,
    "title": "Inception",
    "year": 2010,
    "genre": [
      "Ciencia ficción",
      "Acción"
    ],
    "description": "Un ladrón que roba secretos corporativos a través del uso de la tecnología de sueños compartidos recibe la tarea inversa: implantar una idea en la mente de un director ejecutivo.",
    "director": "Christopher Nolan",
    "rating": 8.8,
    "poster": "https://m.media-amazon.com/images/I/714Mwnmg2mL._AC_UF894,1000_QL80_.jpg"
  },
  {
    "id": 2,
    "title": "The Shawshank Redemption",
    "year": 1994,
    "genre": [
      "Drama"
    ],
    "description": "Dos hombres encarcelados desarrollan un vínculo a lo largo de los años, encontrando consuelo y redención a través de actos de decencia común.",
    "director": "Frank Darabont",
    "rating": 9.3,
    "poster": "https://m.media-amazon.com/images/I/71VNhykMgNL._AC_UF894,1000_QL80_.jpg"
  },
  {
    "id": 3,
    "title": "The Dark Knight",
    "year": 2008,
    "genre": [
      "Acción",
      "Crimen",
      "Drama"
    ],
    "description": "Cuando el Joker emerge como una nueva amenaza en Gotham, Batman debe enfrentarse a uno de los mayores desafíos de su vida mientras protege la ciudad.",
    "director": "Christopher Nolan",
    "rating": 9,
    "poster": "https://m.media-amazon.com/images/I/81IfoBox2TL.jpg"
  },
  {
    "id": 4,
    "title": "Forrest Gump",
    "year": 1994,
    "genre": [
      "Drama",
      "Romance"
    ],
    "description": "La vida de Forrest Gump, un hombre con un bajo coeficiente intelectual, está llena de eventos extraordinarios y amor eterno por su infancia.",
    "director": "Robert Zemeckis",
    "rating": 8.8,
    "poster": "https://m.media-amazon.com/images/I/61oZBKzdPVL.jpg"
  },
  {
    "id": 5,
    "title": "The Matrix",
    "year": 1999,
    "genre": [
      "Ciencia ficción",
      "Acción"
    ],
    "description": "Un hacker descubre la aterradora verdad sobre su realidad y su papel en la guerra contra sus controladores.",
    "director": "Lana Wachowski, Lilly Wachowski",
    "rating": 8.7,
    "poster": "https://m.media-amazon.com/images/I/51vpnbwFHrL._AC_.jpg"
  },
  {
    "id": 6,
    "title": "Pulp Fiction",
    "year": 1994,
    "genre": [
      "Crimen",
      "Drama"
    ],
    "description": "La vida de dos asesinos a sueldo, un boxeador, una esposa de gánster y dos bandidos se entrelaza en una serie de incidentes inesperados.",
    "director": "Quentin Tarantino",
    "rating": 8.9,
    "poster": "https://m.media-amazon.com/images/I/71c05lTE03L._AC_SY679_.jpg"
  },
  {
    "id": 7,
    "title": "Interstellar",
    "year": 2014,
    "genre": [
      "Ciencia ficción",
      "Drama"
    ],
    "description": "Un equipo de exploradores viaja a través de un agujero de gusano en el espacio en un intento por salvar a la humanidad.",
    "director": "Christopher Nolan",
    "rating": 8.6,
    "poster": "https://m.media-amazon.com/images/I/91kFYg4fX3L._AC_SY679_.jpg"
  },
  {
    "id": 8,
    "title": "Fight Club",
    "year": 1999,
    "genre": [
      "Drama"
    ],
    "description": "Un oficinista deprimido forma un club clandestino de lucha como una forma de liberarse de su vida mundana.",
    "director": "David Fincher",
    "rating": 8.8,
    "poster": "https://m.media-amazon.com/images/I/61IgtYrLF5L._AC_UF894,1000_QL80_.jpg"
  },
  {
    "id": 9,
    "title": "The Godfather",
    "year": 1972,
    "genre": [
      "Crimen",
      "Drama"
    ],
    "description": "El envejecido patriarca de una dinastía del crimen organiza la transferencia de su imperio clandestino a su hijo menor.",
    "director": "Francis Ford Coppola",
    "rating": 9.2,
    "poster": "https://m.media-amazon.com/images/I/51pegQZKZfL._AC_UF1000,1000_QL80_.jpg"
  },
  {
    "id": 10,
    "title": "The Lord of the Rings: The Fellowship of the Ring",
    "year": 2001,
    "genre": [
      "Fantasía",
      "Aventura"
    ],
    "description": "Un joven hobbit y sus amigos emprenden un peligroso viaje para destruir un anillo mágico y salvar a la Tierra Media.",
    "director": "Peter Jackson",
    "rating": 8.8,
    "poster": "https://m.media-amazon.com/images/I/51Qvs9i5a%2BL._AC_.jpg"
  }
]